{"blend":{"func":"add","srcrgb":"srcalpha","dstrgb":"1-srcalpha"},"vertex":"position_tex_color_normal","fragment":"position_tex_color_normal","attributes":["Position","UV0","Color","Normal"],"samplers":[{"name":"Sampler0"}],"uniforms":[{"name":"ModelViewMat","type":"matrix4x4","count":16,"values":[ 1.0, 0.0, 0.0, 0.0, 0.0, 1.0, 0.0, 0.0, 0.0, 0.0, 1.0, 0.0, 0.0, 0.0, 0.0, 1.0]},{"name":"ProjMat","type":"matrix4x4","count":16,"values":[ 1.0, 0.0, 0.0, 0.0, 0.0, 1.0, 0.0, 0.0, 0.0, 0.0, 1.0, 0.0, 0.0, 0.0, 0.0, 1.0]},{"name":"ColorModulator","type":"float","count":4,"values":[ 1.0, 1.0, 1.0, 1.0]}]}