{"display":{"icon":{"id":"minecraft:player_head","components":{"minecraft:profile":{"properties":[{"name":"textures","value":"eyJ0ZXh0dXJlcyI6eyJTS0lOIjp7InVybCI6Imh0dHA6Ly90ZXh0dXJlcy5taW5lY3JhZnQubmV0L3RleHR1cmUvMTg1YzMzNWM1MjVjZGFkY2Q4MmU4MDA4MzU1N2M2OTYzMGRmYjlhMWVkZjU5OTc0YzdmNjU4ZGI1MWEwYTFkOSJ9fX0="}]}}},"title":"Vanilla Tweaks","frame":"challenge","description":["",{"text":"All loaded Vanilla Tweaks data packs\n","color":"gold"},{"text":"vanillatweaks.net","color":"yellow"}],"background":"minecraft:textures/block/black_concrete.png","show_toast":false,"announce_to_chat":false},"criteria":{"tick":{"trigger":"minecraft:tick"}}}