{"variants":{"facing=east,honey_level=0":{"y":90,"model":"minecraft:block/beehive_empty"},"facing=east,honey_level=1":{"y":90,"model":"minecraft:block/beehive_filled_1"},"facing=east,honey_level=2":{"y":90,"model":"minecraft:block/beehive_filled_2"},"facing=east,honey_level=3":{"y":90,"model":"minecraft:block/beehive_filled_3"},"facing=east,honey_level=4":{"y":90,"model":"minecraft:block/beehive_filled_4"},"facing=east,honey_level=5":{"y":90,"model":"minecraft:block/beehive_honey"},"facing=north,honey_level=0":{"model":"minecraft:block/beehive_empty"},"facing=north,honey_level=1":{"model":"minecraft:block/beehive_filled_1"},"facing=north,honey_level=2":{"model":"minecraft:block/beehive_filled_2"},"facing=north,honey_level=3":{"model":"minecraft:block/beehive_filled_3"},"facing=north,honey_level=4":{"model":"minecraft:block/beehive_filled_4"},"facing=north,honey_level=5":{"model":"minecraft:block/beehive_honey"},"facing=south,honey_level=0":{"y":180,"model":"minecraft:block/beehive_empty"},"facing=south,honey_level=1":{"y":180,"model":"minecraft:block/beehive_filled_1"},"facing=south,honey_level=2":{"y":180,"model":"minecraft:block/beehive_filled_2"},"facing=south,honey_level=3":{"y":180,"model":"minecraft:block/beehive_filled_3"},"facing=south,honey_level=4":{"y":180,"model":"minecraft:block/beehive_filled_4"},"facing=south,honey_level=5":{"y":180,"model":"minecraft:block/beehive_honey"},"facing=west,honey_level=0":{"y":270,"model":"minecraft:block/beehive_empty"},"facing=west,honey_level=1":{"y":270,"model":"minecraft:block/beehive_filled_1"},"facing=west,honey_level=2":{"y":270,"model":"minecraft:block/beehive_filled_2"},"facing=west,honey_level=3":{"y":270,"model":"minecraft:block/beehive_filled_3"},"facing=west,honey_level=4":{"y":270,"model":"minecraft:block/beehive_filled_4"},"facing=west,honey_level=5":{"y":270,"model":"minecraft:block/beehive_honey"}}}