{"variants":{"":[{"model":"block/gravel"},{"model":"block/gravel","x":90},{"model":"block/gravel","x":180},{"model":"block/gravel","x":270},{"model":"block/gravel","y":90},{"model":"block/gravel","y":90,"x":90},{"model":"block/gravel","y":90,"x":180},{"model":"block/gravel","y":90,"x":270},{"model":"block/gravel","y":180},{"model":"block/gravel","y":180,"x":90},{"model":"block/gravel","y":180,"x":180},{"model":"block/gravel","y":180,"x":270},{"model":"block/gravel","y":270},{"model":"block/gravel","y":270,"x":90},{"model":"block/gravel","y":270,"x":180},{"model":"block/gravel","y":270,"x":270}]}}