{"variants":{"snowy=false":[{"model":"minecraft:block/mycelium"},{"model":"minecraft:block/mycelium","y":90},{"model":"minecraft:block/mycelium","y":180},{"model":"minecraft:block/mycelium","y":270},{"model":"minecraft:block/mycelium_1"},{"model":"minecraft:block/mycelium_1","y":90},{"model":"minecraft:block/mycelium_1","y":180},{"model":"minecraft:block/mycelium_1","y":270},{"model":"minecraft:block/mycelium_2"},{"model":"minecraft:block/mycelium_2","y":90},{"model":"minecraft:block/mycelium_2","y":180},{"model":"minecraft:block/mycelium_2","y":270},{"model":"minecraft:block/mycelium_3"},{"model":"minecraft:block/mycelium_3","y":90},{"model":"minecraft:block/mycelium_3","y":180},{"model":"minecraft:block/mycelium_3","y":270},{"model":"minecraft:block/mycelium_4"},{"model":"minecraft:block/mycelium_4","y":90},{"model":"minecraft:block/mycelium_4","y":180},{"model":"minecraft:block/mycelium_4","y":270},{"model":"minecraft:block/mycelium_5"},{"model":"minecraft:block/mycelium_5","y":90},{"model":"minecraft:block/mycelium_5","y":180},{"model":"minecraft:block/mycelium_5","y":270},{"model":"minecraft:block/mycelium_6"},{"model":"minecraft:block/mycelium_6","y":90},{"model":"minecraft:block/mycelium_6","y":180},{"model":"minecraft:block/mycelium_6","y":270},{"model":"minecraft:block/mycelium_7"},{"model":"minecraft:block/mycelium_7","y":90},{"model":"minecraft:block/mycelium_7","y":180},{"model":"minecraft:block/mycelium_7","y":270},{"model":"minecraft:block/mycelium_8"},{"model":"minecraft:block/mycelium_8","y":90},{"model":"minecraft:block/mycelium_8","y":180},{"model":"minecraft:block/mycelium_8","y":270},{"model":"minecraft:block/mycelium_9"},{"model":"minecraft:block/mycelium_9","y":90},{"model":"minecraft:block/mycelium_9","y":180},{"model":"minecraft:block/mycelium_9","y":270},{"model":"minecraft:block/mycelium_10"},{"model":"minecraft:block/mycelium_10","y":90},{"model":"minecraft:block/mycelium_10","y":180},{"model":"minecraft:block/mycelium_10","y":270},{"model":"minecraft:block/mycelium_11"},{"model":"minecraft:block/mycelium_11","y":90},{"model":"minecraft:block/mycelium_11","y":180},{"model":"minecraft:block/mycelium_11","y":270},{"model":"minecraft:block/mycelium_12"},{"model":"minecraft:block/mycelium_12","y":90},{"model":"minecraft:block/mycelium_12","y":180},{"model":"minecraft:block/mycelium_12","y":270},{"model":"minecraft:block/mycelium_13"},{"model":"minecraft:block/mycelium_13","y":90},{"model":"minecraft:block/mycelium_13","y":180},{"model":"minecraft:block/mycelium_13","y":270},{"model":"minecraft:block/mycelium_14"},{"model":"minecraft:block/mycelium_14","y":90},{"model":"minecraft:block/mycelium_14","y":180},{"model":"minecraft:block/mycelium_14","y":270},{"model":"minecraft:block/mycelium_15"},{"model":"minecraft:block/mycelium_15","y":90},{"model":"minecraft:block/mycelium_15","y":180},{"model":"minecraft:block/mycelium_15","y":270},{"model":"minecraft:block/mycelium_16"},{"model":"minecraft:block/mycelium_16","y":90},{"model":"minecraft:block/mycelium_16","y":180},{"model":"minecraft:block/mycelium_16","y":270}],"snowy=true":{"model":"minecraft:block/grass_block_snow"}}}