{"credit":"Created by Stridey","ambientocclusion":false,"textures":{"particle":"block/iron_bars","bars":"block/iron_bars"},"elements":[{"from":[8, 0, 8],"to":[8, 16, 16],"faces":{"east":{"uv":[0, 0, 8, 16],"texture":"#bars"},"west":{"uv":[8, 0, 0, 16],"texture":"#bars"}}},{"from":[7, 0, 9],"to":[9, 16, 16],"faces":{"south":{"uv":[7, 0, 9, 16],"texture":"#bars","cullface":"south"},"up":{"uv":[7, 9, 9, 16],"texture":"#bars"},"down":{"uv":[9, 9, 7, 16],"texture":"#bars"}}},{"from":[7, 0.025, 9],"to":[9, 0.025, 16],"faces":{"up":{"uv":[7, 9, 9, 16],"texture":"#bars"},"down":{"uv":[9, 9, 7, 16],"texture":"#bars"}}},{"from":[7, 15.965, 9],"to":[9, 15.965, 16],"faces":{"up":{"uv":[7, 9, 9, 16],"texture":"#bars"},"down":{"uv":[9, 9, 7, 16],"texture":"#bars"}}}]}