{"credit":"Created by Stridey","ambientocclusion":false,"textures":{"particle":"block/tripwire","texture":"block/tripwire"},"elements":[{"from":[7, 1, 0],"to":[9, 1, 16],"rotation":{"angle":0,"axis":"y","origin":[15, 8, 8]},"faces":{"up":{"uv":[0, 0, 16, 2],"rotation":90,"texture":"#texture"},"down":{"uv":[16, 0, 0, 2],"rotation":90,"texture":"#texture"}}},{"from":[0, 1.001, 7],"to":[16, 1.001, 9],"rotation":{"angle":0,"axis":"y","origin":[8, 1, 8]},"faces":{"up":{"uv":[0, 0, 16, 2],"rotation":180,"texture":"#texture"},"down":{"uv":[16, 0, 0, 2],"texture":"#texture"}}}]}