{"credit":"Created by Stridey","ambientocclusion":false,"textures":{"particle":"block/tripwire","texture":"block/tripwire"},"elements":[{"from":[7, 1, 0],"to":[9, 1, 16],"rotation":{"angle":0,"axis":"y","origin":[16, 8, 8]},"faces":{"up":{"uv":[0, 0, 16, 2],"rotation":90,"texture":"#texture"},"down":{"uv":[16, 0, 0, 2],"rotation":90,"texture":"#texture"}}},{"from":[9, 1, 7],"to":[16, 1, 9],"rotation":{"angle":0,"axis":"y","origin":[17, 8, 15]},"faces":{"up":{"uv":[9, 0, 16, 2],"texture":"#texture"},"down":{"uv":[9, 2, 16, 0],"texture":"#texture"}}}]}